lane	fragment_index	length_bp
GCA_038667355.1_ASM3866735v1_genomic	1	54
GCA_038667355.1_ASM3866735v1_genomic	2	220
GCA_038667355.1_ASM3866735v1_genomic	3	304
GCA_038667355.1_ASM3866735v1_genomic	4	411
GCA_038667355.1_ASM3866735v1_genomic	5	571
GCA_038667355.1_ASM3866735v1_genomic	6	600
GCA_038667355.1_ASM3866735v1_genomic	7	838
GCA_038667355.1_ASM3866735v1_genomic	8	946
GCA_038667355.1_ASM3866735v1_genomic	9	1008
GCA_038667355.1_ASM3866735v1_genomic	10	1038
GCA_038667355.1_ASM3866735v1_genomic	11	1159
GCA_038667355.1_ASM3866735v1_genomic	12	1174
GCA_038667355.1_ASM3866735v1_genomic	13	1281
GCA_038667355.1_ASM3866735v1_genomic	14	1460
GCA_038667355.1_ASM3866735v1_genomic	15	1702
GCA_038731205.1_ASM3873120v1_genomic	1	381
GCA_038731205.1_ASM3873120v1_genomic	2	446
GCA_038731205.1_ASM3873120v1_genomic	3	468
GCA_038731205.1_ASM3873120v1_genomic	4	600
GCA_038731205.1_ASM3873120v1_genomic	5	838
GCA_038731205.1_ASM3873120v1_genomic	6	846
GCA_038731205.1_ASM3873120v1_genomic	7	955
GCA_038731205.1_ASM3873120v1_genomic	8	1011
GCA_038731205.1_ASM3873120v1_genomic	9	1111
GCA_038731205.1_ASM3873120v1_genomic	10	1224
GCA_038731205.1_ASM3873120v1_genomic	11	1240
GCA_038731205.1_ASM3873120v1_genomic	12	1411
GCA_038731205.1_ASM3873120v1_genomic	13	1495
GCA_038731205.1_ASM3873120v1_genomic	14	1497
GCA_038978125.1_ASM3897812v1_genomic	1	43
GCA_038978125.1_ASM3897812v1_genomic	2	263
GCA_038978125.1_ASM3897812v1_genomic	3	360
GCA_038978125.1_ASM3897812v1_genomic	4	384
GCA_038978125.1_ASM3897812v1_genomic	5	571
GCA_038978125.1_ASM3897812v1_genomic	6	923
GCA_038978125.1_ASM3897812v1_genomic	7	1050
GCA_038978125.1_ASM3897812v1_genomic	8	1159
GCA_038978125.1_ASM3897812v1_genomic	9	1159
GCA_038978125.1_ASM3897812v1_genomic	10	1174
GCA_038978125.1_ASM3897812v1_genomic	11	1490
GCA_038978125.1_ASM3897812v1_genomic	12	1601
GCA_038978125.1_ASM3897812v1_genomic	13	1810
GCA_038978125.1_ASM3897812v1_genomic	14	1891
GCA_039115125.1_ASM3911512v1_genomic	1	8
GCA_039115125.1_ASM3911512v1_genomic	2	56
GCA_039115125.1_ASM3911512v1_genomic	3	275
GCA_039115125.1_ASM3911512v1_genomic	4	324
GCA_039115125.1_ASM3911512v1_genomic	5	393
GCA_039115125.1_ASM3911512v1_genomic	6	571
GCA_039115125.1_ASM3911512v1_genomic	7	600
GCA_039115125.1_ASM3911512v1_genomic	8	890
GCA_039115125.1_ASM3911512v1_genomic	9	1027
GCA_039115125.1_ASM3911512v1_genomic	10	1111
GCA_039115125.1_ASM3911512v1_genomic	11	1159
GCA_039115125.1_ASM3911512v1_genomic	12	1174
GCA_039115125.1_ASM3911512v1_genomic	13	1252
GCA_039115125.1_ASM3911512v1_genomic	14	1458
GCA_039115125.1_ASM3911512v1_genomic	15	1565
GCA_039115125.1_ASM3911512v1_genomic	16	1777
GCA_039182775.1_ASM3918277v1_genomic	1	395
GCA_039182775.1_ASM3918277v1_genomic	2	418
GCA_039182775.1_ASM3918277v1_genomic	3	533
GCA_039182775.1_ASM3918277v1_genomic	4	600
GCA_039182775.1_ASM3918277v1_genomic	5	857
GCA_039182775.1_ASM3918277v1_genomic	6	880
GCA_039182775.1_ASM3918277v1_genomic	7	892
GCA_039182775.1_ASM3918277v1_genomic	8	1058
GCA_039182775.1_ASM3918277v1_genomic	9	1252
GCA_039182775.1_ASM3918277v1_genomic	10	1471
GCA_039182775.1_ASM3918277v1_genomic	11	1495
GCA_039182775.1_ASM3918277v1_genomic	12	1616
GCA_039182775.1_ASM3918277v1_genomic	13	2341
GCA_039190305.1_ASM3919030v1_genomic	1	56
GCA_039190305.1_ASM3919030v1_genomic	2	305
GCA_039190305.1_ASM3919030v1_genomic	3	614
GCA_039190305.1_ASM3919030v1_genomic	4	783
GCA_039190305.1_ASM3919030v1_genomic	5	890
GCA_039190305.1_ASM3919030v1_genomic	6	1027
GCA_039190305.1_ASM3919030v1_genomic	7	1130
GCA_039190305.1_ASM3919030v1_genomic	8	1458
GCA_039190305.1_ASM3919030v1_genomic	9	1495
GCA_039190305.1_ASM3919030v1_genomic	10	1565
GCA_039190305.1_ASM3919030v1_genomic	11	1979
GCA_039190305.1_ASM3919030v1_genomic	12	2275
GCA_039219955.1_ASM3921995v1_genomic	1	22
GCA_039219955.1_ASM3921995v1_genomic	2	185
GCA_039219955.1_ASM3921995v1_genomic	3	221
GCA_039219955.1_ASM3921995v1_genomic	4	439
GCA_039219955.1_ASM3921995v1_genomic	5	524
GCA_039219955.1_ASM3921995v1_genomic	6	557
GCA_039219955.1_ASM3921995v1_genomic	7	560
GCA_039219955.1_ASM3921995v1_genomic	8	642
GCA_039219955.1_ASM3921995v1_genomic	9	803
GCA_039219955.1_ASM3921995v1_genomic	10	837
GCA_039219955.1_ASM3921995v1_genomic	11	840
GCA_039219955.1_ASM3921995v1_genomic	12	982
GCA_039219955.1_ASM3921995v1_genomic	13	1413
GCA_039219955.1_ASM3921995v1_genomic	14	1471
GCA_039219955.1_ASM3921995v1_genomic	15	1499
GCA_039219955.1_ASM3921995v1_genomic	16	2340
GCA_039260015.1_ASM3926001v1_genomic	1	56
GCA_039260015.1_ASM3926001v1_genomic	2	253
GCA_039260015.1_ASM3926001v1_genomic	3	258
GCA_039260015.1_ASM3926001v1_genomic	4	277
GCA_039260015.1_ASM3926001v1_genomic	5	299
GCA_039260015.1_ASM3926001v1_genomic	6	342
GCA_039260015.1_ASM3926001v1_genomic	7	381
GCA_039260015.1_ASM3926001v1_genomic	8	571
GCA_039260015.1_ASM3926001v1_genomic	9	890
GCA_039260015.1_ASM3926001v1_genomic	10	1027
GCA_039260015.1_ASM3926001v1_genomic	11	1099
GCA_039260015.1_ASM3926001v1_genomic	12	1174
GCA_039260015.1_ASM3926001v1_genomic	13	1197
GCA_039260015.1_ASM3926001v1_genomic	14	1252
GCA_039260015.1_ASM3926001v1_genomic	15	1483
GCA_039260015.1_ASM3926001v1_genomic	16	2349
GCA_039260015.1_ASM3926001v1_genomic	17	2430
GCA_039318355.1_ASM3931835v1_genomic	1	264
GCA_039318355.1_ASM3931835v1_genomic	2	275
GCA_039318355.1_ASM3931835v1_genomic	3	373
GCA_039318355.1_ASM3931835v1_genomic	4	865
GCA_039318355.1_ASM3931835v1_genomic	5	1026
GCA_039318355.1_ASM3931835v1_genomic	6	1107
GCA_039318355.1_ASM3931835v1_genomic	7	1224
GCA_039318355.1_ASM3931835v1_genomic	8	1377
GCA_039318355.1_ASM3931835v1_genomic	9	1452
GCA_039318355.1_ASM3931835v1_genomic	10	1551
GCA_039318355.1_ASM3931835v1_genomic	11	1888
GCA_039318355.1_ASM3931835v1_genomic	12	2042
GCA_039383535.1_ASM3938353v1_genomic	1	258
GCA_039383535.1_ASM3938353v1_genomic	2	295
GCA_039383535.1_ASM3938353v1_genomic	3	342
GCA_039383535.1_ASM3938353v1_genomic	4	351
GCA_039383535.1_ASM3938353v1_genomic	5	379
GCA_039383535.1_ASM3938353v1_genomic	6	588
GCA_039383535.1_ASM3938353v1_genomic	7	846
GCA_039383535.1_ASM3938353v1_genomic	8	893
GCA_039383535.1_ASM3938353v1_genomic	9	1045
GCA_039383535.1_ASM3938353v1_genomic	10	1197
GCA_039383535.1_ASM3938353v1_genomic	11	1285
GCA_039383535.1_ASM3938353v1_genomic	12	1458
GCA_039383535.1_ASM3938353v1_genomic	13	1495
GCA_039383535.1_ASM3938353v1_genomic	14	1611
GCA_039383535.1_ASM3938353v1_genomic	15	1817
